artist,matched_tag
abigcarrot_owo,bondage
bbibbo222,bondage
callu_jy,bondage
ccc_cloudy,bondage
dochi_(dosa_dosa_dosa),bondage
harris_hero,bondage
ikelag,bondage
itou_tatsuya,bondage
katase_aoko,bondage
konoha_noa,bondage
kuzlin,bondage
lost_one_zero,bondage
manekinekoko777,bondage
meeps123,bondage
merinthos,bondage
mizikayo,bondage
mrfoxy,bondage
mskmiro316_(voice_actor),bondage
mukanata,bondage
murabito_c,bondage
myeu,bondage
nameless_ark,bondage
neneg,bondage
pap_paprika,bondage
rayasi,bondage
shippitsu,bondage
sumiyao_(amam),bondage
watashi_wa_chibi,bondage
zetsu_red,bondage